id,vendor_id,pickup_datetime,passenger_count,pickup_longitude,pickup_latitude,dropoff_longitude,dropoff_latitude,store_and_fwd_flag,trip_duration
tr00000,CMT,2016-01-08 16:58:04,6.0,-73.89003,40.770189,-74.025141,40.755629,N,1872
tr00001,VTS,2016-03-21 23:29:17,3.0,-73.922837,40.716401,-74.029222,40.728829,N,1831
tr00002,VTS,2016-04-09 13:14:33,1.0,-74.035864,40.788018,-73.89274,40.741421,N,2487
tr00003,VTS,2016-01-27 16:58:27,6.0,-74.05,40.795623,-73.96238,40.783356,N,1211
tr00004,VTS,2016-03-02 04:53:47,3.0,-74.05,40.679959,-74.000321,40.75812,Y,2152
tr00005,VTS,2016-06-28 18:02:38,2.0,-74.023545,40.705913,-73.95059,40.771608,N,1402
tr00006,VTS,2016-01-03 22:53:40,4.0,-73.816071,40.763114,-74.05,40.784803,N,3757
tr00007,VTS,2016-03-23 08:33:16,2.0,-73.955058,40.74535,-73.988519,40.743006,N,725
tr00008,CMT,2016-06-02 08:42:55,6.0,-74.02467,40.757328,-73.845674,40.78825,N,4335
tr00009,CMT,2016-02-28 22:48:02,2.0,-73.952944,40.723878,-73.976236,40.773154,N,811
tr00010,CMT,2016-03-28 07:45:35,4.0,-74.05,40.793176,-73.980746,40.708607,N,2457
tr00011,CMT,2016-06-27 00:06:13,4.0,-74.006313,40.789112,-73.947131,40.815692,N,1329
tr00012,CMT,2016-03-27 10:15:43,2.0,-73.978537,40.760641,-73.922808,40.73797,N,1398
tr00013,VTS,2016-01-24 19:51:51,3.0,-73.991527,40.80309,-74.05,40.691796,N,1709
tr00014,VTS,2016-01-10 09:55:10,,-73.930144,40.7767,-74.05,40.716198,N,2908
tr00015,CMT,2016-06-21 01:34:46,4.0,-73.961375,40.723628,-73.97078,40.717158,N,293
tr00016,CMT,2016-02-18 09:03:19,5.0,-73.938717,40.77275,-74.035541,40.760087,N,2324
tr00017,CMT,2016-04-01 17:45:04,6.0,-74.033686,40.719645,-73.893658,40.747046,N,1931
tr00018,VTS,2016-01-17 12:11:07,2.0,-73.922653,40.793138,-74.007562,40.744527,N,1769
tr00019,CMT,2016-03-18 02:31:32,2.0,-73.871474,40.756003,-74.05,40.782788,N,3633
tr00020,CMT,2016-06-18 06:42:03,4.0,-74.05,40.750606,-74.05,40.771595,N,606
tr00021,CMT,2016-04-01 10:32:23,5.0,-74.047639,40.730763,-74.05,40.770642,N,1041
tr00022,VTS,2016-06-25 17:55:06,6.0,-73.891995,40.806902,-74.001889,40.774393,N,1482
tr00023,CMT,2016-02-17 02:35:38,1.0,-73.998894,40.751819,-73.998687,40.782645,N,719
tr00024,VTS,2016-04-01 19:51:12,2.0,-73.887233,40.740867,-74.015212,40.673682,N,1895
tr00025,VTS,2016-06-05 10:25:49,2.0,-74.016477,40.743915,-73.909978,40.743422,N,2319
tr00026,CMT,2016-03-22 13:57:58,2.0,-73.883647,40.779292,-73.901604,40.670792,N,1927
tr00027,VTS,2016-02-20 20:48:03,3.0,-73.976296,40.772618,-73.997427,40.759442,N,335
tr00028,VTS,2016-06-04 16:42:58,6.0,-73.967424,40.774509,-74.05,40.757815,N,1115
tr00029,VTS,2016-03-11 23:02:13,1.0,-73.87597,40.775233,-73.94229,40.799821,N,1153
tr00030,CMT,2016-04-06 14:11:57,5.0,-74.010824,40.843666,-73.946625,40.805505,N,1288
tr00031,VTS,2016-06-26 17:28:12,4.0,-74.05,40.741743,-73.963843,40.766111,N,1170
tr00032,VTS,2016-02-03 22:33:32,4.0,-74.016899,40.73751,-73.916796,40.737986,N,1552
tr00033,CMT,2016-02-24 20:31:04,5.0,-73.953837,40.725449,-74.05,40.777406,N,1422
tr00034,CMT,2016-01-06 15:42:43,1.0,-74.05,40.782639,-73.844887,40.736883,N,3106
tr00035,VTS,2016-03-12 07:32:49,5.0,-73.940877,40.803159,-74.05,40.757944,Y,2956
tr00036,VTS,2016-02-06 10:24:04,2.0,-74.023214,40.753442,-73.933054,40.797445,N,2193
tr00037,VTS,2016-05-03 18:23:33,4.0,-73.905153,40.724394,-74.05,40.735689,N,1940
tr00038,VTS,2016-02-03 00:00:43,5.0,-74.05,40.725021,-74.05,40.790227,N,1319
tr00039,CMT,2016-05-02 19:34:55,4.0,-74.04056,40.784024,-73.879354,40.785096,N,2103
tr00040,CMT,2016-02-17 22:51:38,2.0,-74.05,40.78773,-74.003763,40.719808,N,1280
tr00041,VTS,2016-03-05 15:35:29,3.0,-74.043336,40.779726,-73.926705,40.796956,N,1692
tr00042,CMT,2016-03-04 11:49:23,3.0,-73.968163,40.73138,-73.968913,40.785943,N,1350
tr00043,CMT,2016-05-10 10:46:17,1.0,-73.998046,40.767286,-73.992847,40.762077,N,226
tr00044,VTS,2016-03-25 21:42:44,5.0,-74.003236,40.762667,-73.89003,40.727507,N,1730
tr00045,CMT,2016-03-06 18:09:12,1.0,-73.996643,40.766748,-74.002066,40.723632,N,587
tr00046,CMT,2016-06-04 04:15:21,3.0,-73.971263,40.792857,-74.05,40.736493,N,2169
tr00047,CMT,2016-04-14 02:16:49,4.0,-74.05,40.766944,-74.041727,40.779704,N,545
tr00048,CMT,2016-02-08 22:00:46,1.0,-73.936021,40.785157,-73.946917,40.719775,N,986
tr00049,CMT,2016-06-12 19:35:55,6.0,-73.939113,40.760703,-73.957814,40.7755,N,418
tr00050,CMT,2016-03-03 08:41:47,3.0,-73.958547,40.769565,-74.05,40.70833,N,2678
tr00051,CMT,2016-01-08 02:15:42,1.0,-73.946543,40.783252,-74.036204,40.749837,N,2039
tr00052,CMT,2016-03-31 00:24:49,4.0,-73.964751,40.699714,-74.02622,40.762386,N,1667
tr00053,VTS,2016-01-23 13:21:41,4.0,-73.843045,40.745213,-74.011083,40.855805,N,3414
tr00054,VTS,2016-02-13 09:37:17,4.0,-73.991597,40.739185,-74.05,40.702907,N,1591
tr00055,VTS,2016-05-15 23:22:49,5.0,-74.006996,40.732445,-74.029486,40.816881,N,1500
tr00056,VTS,2016-01-24 19:07:26,3.0,-74.038247,40.746994,-74.036503,40.763994,N,235
tr00057,CMT,2016-05-26 20:43:56,5.0,-74.05,40.817798,-73.931493,40.774447,N,1842
tr00058,VTS,2016-06-19 12:24:39,3.0,-74.05,40.723367,-73.928862,40.762734,N,2344
tr00059,VTS,2016-04-20 09:19:55,4.0,-74.047716,40.796731,-73.995707,40.775789,N,1244
tr00060,CMT,2016-05-09 06:50:56,1.0,-73.990448,40.690685,-74.012943,40.751853,N,1497
tr00061,CMT,2016-05-09 20:56:46,4.0,-73.962099,40.744605,-73.975705,40.816162,N,1094
tr00062,VTS,2016-06-29 16:35:06,2.0,-73.98192,40.76451,-74.04266,40.739741,N,943
tr00063,VTS,2016-03-03 03:50:20,5.0,-74.039087,40.781449,-74.05,40.803289,N,708
tr00064,CMT,2016-01-30 15:21:26,5.0,-73.922487,40.786449,-74.05,40.732225,N,2027
tr00065,CMT,2016-04-04 11:43:20,6.0,-73.933741,40.789734,-74.029937,40.75559,N,2158
tr00066,CMT,2016-04-07 01:14:06,6.0,-73.996675,40.744051,-74.05,40.715121,N,1250
tr00067,CMT,2016-02-02 09:07:18,1.0,-74.031204,40.739506,-73.974156,40.776201,N,1479
tr00068,VTS,2016-04-21 14:03:42,1.0,-73.94711,40.792319,-73.93442,40.815805,N,491
tr00069,VTS,2016-01-03 13:41:48,6.0,-73.972342,40.750348,-74.05,40.754906,N,1466
tr00070,CMT,2016-06-17 20:03:20,3.0,-74.05,40.706973,-73.983741,40.750125,N,1039
tr00071,VTS,2016-02-18 03:39:37,1.0,-73.990259,40.712669,-74.000896,40.713415,N,173
tr00072,VTS,2016-01-08 04:47:56,2.0,-73.967157,40.721222,-73.961594,40.748828,N,699
tr00073,VTS,2016-01-20 16:50:00,6.0,-74.048479,40.777886,-73.986406,40.694288,N,1578
tr00074,CMT,2016-02-13 17:24:26,3.0,-73.972211,40.763697,-74.05,40.721485,N,1065
tr00075,VTS,2016-02-19 20:25:19,,-74.05,40.785619,-74.05,40.767071,N,278
tr00076,VTS,2016-01-06 23:18:50,5.0,-73.891967,40.74091,-73.98344,40.810761,N,1901
tr00077,VTS,2016-02-20 20:13:18,2.0,-73.898144,40.764342,-73.913485,40.870368,N,1419
tr00078,CMT,2016-02-05 02:46:10,3.0,-74.003176,40.783024,-74.05,40.734537,N,1430
tr00079,CMT,2016-03-09 21:48:58,1.0,-73.960058,40.745626,-73.961299,40.815412,N,979
tr00080,VTS,2016-03-11 02:24:45,4.0,-74.05,40.776271,-73.902226,40.76775,N,3106
tr00081,CMT,2016-03-02 16:47:08,3.0,-74.05,40.731523,-73.996212,40.75195,N,811
tr00082,VTS,2016-02-29 16:22:17,,-74.006065,40.743478,-73.946986,40.775304,N,951
tr00083,CMT,2016-01-17 07:56:46,3.0,-74.05,40.74273,-74.034715,40.760477,N,470
tr00084,VTS,2016-01-05 14:05:42,2.0,-73.935492,40.710166,-73.993856,40.762416,N,1285
tr00085,CMT,2016-02-06 18:50:06,1.0,-73.845689,40.777479,-74.05,40.741667,N,2669
tr00086,CMT,2016-05-17 17:02:40,,-74.05,40.739224,-74.05,40.702076,N,551
tr00087,CMT,2016-06-29 07:51:25,3.0,-74.044122,40.7585,-73.919506,40.696255,N,3152
tr00088,CMT,2016-06-17 23:48:08,1.0,-73.969019,40.77723,-74.05,40.78413,N,1389
tr00089,CMT,2016-04-01 18:25:48,3.0,-73.872722,40.775861,-74.017387,40.746932,N,1938
tr00090,CMT,2016-04-06 19:00:23,6.0,-74.05,40.784615,-74.05,40.734156,N,671
tr00091,CMT,2016-02-27 06:05:32,5.0,-73.968067,40.754061,-74.05,40.75834,N,2050
tr00092,VTS,2016-05-20 20:34:02,4.0,-73.858009,40.741068,-73.997669,40.789797,N,2023
tr00093,VTS,2016-05-19 04:27:25,6.0,-74.05,40.754811,-74.03657,40.765215,N,722
tr00094,VTS,2016-06-02 15:46:53,5.0,-74.05,40.690507,-73.959042,40.731758,N,1616
tr00095,CMT,2016-06-11 23:33:50,,-74.015152,40.700116,-73.953822,40.807052,N,1997
tr00096,VTS,2016-03-20 01:14:15,6.0,-74.021941,40.705092,-73.963041,40.821167,N,2869
tr00097,VTS,2016-05-19 13:42:44,1.0,-73.928618,40.71811,-73.968798,40.777782,N,1145
tr00098,CMT,2016-05-26 18:20:58,5.0,-73.968584,40.773991,-73.875056,40.796947,N,1338
tr00099,VTS,2016-02-26 03:21:05,2.0,-74.05,40.721781,-74.05,40.807678,N,2016
tr00100,VTS,2016-06-18 02:55:48,5.0,-73.949421,40.742873,-73.989345,40.803204,N,1520
tr00101,CMT,2016-01-18 04:05:01,6.0,-74.025928,40.809969,-73.906212,40.782564,N,2985
tr00102,CMT,2016-06-29 22:58:03,3.0,-73.896289,40.743749,-73.896982,40.781934,N,628
tr00103,CMT,2016-05-20 03:45:22,1.0,-74.029431,40.787501,-74.05,40.778786,N,565
tr00104,CMT,2016-01-17 23:24:26,3.0,-74.030063,40.720655,-74.007365,40.714106,N,464
tr00105,VTS,2016-04-29 10:24:39,3.0,-73.947621,40.749782,-73.890432,40.786029,N,1580
tr00106,VTS,2016-01-07 05:17:44,,-73.932095,40.719999,-73.949934,40.703767,N,722
tr00107,VTS,2016-05-20 04:10:35,6.0,-73.954133,40.744439,-73.971832,40.726216,N,710
tr00108,CMT,2016-05-25 11:00:20,4.0,-74.05,40.791612,-74.000738,40.810143,N,1201
tr00109,CMT,2016-04-19 15:19:40,6.0,-73.947838,40.688907,-74.012366,40.791609,N,1851
tr00110,VTS,2016-06-04 22:45:58,3.0,-74.05,40.775377,-73.965325,40.817496,N,1547
tr00111,CMT,2016-01-18 19:33:15,3.0,-73.969031,40.767509,-74.003166,40.747133,N,513
tr00112,VTS,2016-02-20 05:14:07,6.0,-74.05,40.734234,-73.988481,40.71191,N,1566
tr00113,VTS,2016-03-16 09:07:38,5.0,-73.954257,40.700158,-73.979998,40.748383,N,1258
tr00114,CMT,2016-01-08 17:27:22,4.0,-74.041962,40.760885,-74.032965,40.762081,N,137
tr00115,VTS,2016-03-22 13:48:28,3.0,-74.05,40.73682,-73.948251,40.76116,N,1850
tr00116,CMT,2016-02-18 06:27:08,5.0,-73.935533,40.767307,-73.781503,40.803347,N,3933
tr00117,CMT,2016-03-12 11:27:59,5.0,-73.968585,40.758874,-74.05,40.743549,N,1701
tr00118,CMT,2016-03-18 08:50:53,3.0,-74.028478,40.822071,-73.962819,40.772081,N,2091
tr00119,CMT,2016-06-09 01:16:13,1.0,-73.883917,40.748426,-74.038713,40.718455,N,3197
tr00120,CMT,2016-02-19 04:50:57,1.0,-74.016346,40.71706,-73.945082,40.776013,N,2147
tr00121,VTS,2016-06-11 15:52:11,1.0,-73.983252,40.765171,-73.982241,40.758124,N,64
tr00122,VTS,2016-03-18 12:38:28,3.0,-73.966676,40.7668,-73.93217,40.728007,N,1120
tr00123,CMT,2016-02-29 15:51:50,4.0,-74.028877,40.812368,-73.903215,40.748567,N,2057
tr00124,VTS,2016-04-01 10:58:21,5.0,-73.95252,40.791404,-73.972031,40.750633,N,1062
tr00125,VTS,2016-03-17 00:42:09,2.0,-74.022842,40.772275,-73.906256,40.747194,N,2159
tr00126,CMT,2016-02-16 20:12:08,5.0,-74.014315,40.816532,-74.05,40.828854,N,524
tr00127,CMT,2016-04-01 11:42:11,4.0,-73.890115,40.710449,-73.874168,40.754062,N,860
tr00128,CMT,2016-01-28 15:04:11,1.0,-74.05,40.73241,-73.959246,40.748244,N,1362
tr00129,VTS,2016-03-05 01:13:47,3.0,-74.05,40.720937,-73.910051,40.674102,N,2859
tr00130,VTS,2016-04-12 23:22:18,2.0,-73.872734,40.742408,-74.05,40.722232,N,3224
tr00131,CMT,2016-03-16 05:46:01,6.0,-73.807047,40.702933,-74.043654,40.747477,N,5632
tr00132,VTS,2016-05-29 22:50:57,6.0,-74.013869,40.783406,-73.975284,40.730566,N,1017
tr00133,CMT,2016-02-16 17:21:38,5.0,-74.05,40.749111,-73.986693,40.813268,N,1252
tr00134,VTS,2016-06-25 11:57:44,4.0,-74.007234,40.699168,-73.965685,40.751402,N,1512
tr00135,VTS,2016-05-22 19:39:56,3.0,-74.005536,40.717377,-73.909584,40.809538,N,1747
tr00136,VTS,2016-06-25 02:26:46,2.0,-73.998795,40.770541,-74.05,40.760468,N,1178
tr00137,CMT,2016-06-01 12:58:49,5.0,-74.05,40.791525,-73.917333,40.759489,N,2409
tr00138,CMT,2016-01-26 20:42:35,1.0,-73.944931,40.837869,-73.98492,40.754448,N,1207
tr00139,VTS,2016-04-05 19:34:39,2.0,-73.948784,40.874554,-73.999765,40.758152,N,1591
tr00140,CMT,2016-01-31 22:27:58,1.0,-74.05,40.774576,-74.05,40.826752,N,686
tr00141,CMT,2016-05-28 22:01:01,3.0,-73.936556,40.718418,-73.950287,40.665216,N,899
tr00142,CMT,2016-04-16 07:37:12,2.0,-73.841812,40.672718,-74.05,40.677938,N,4654
tr00143,VTS,2016-02-17 22:44:47,2.0,-73.973463,40.768708,-73.940112,40.736273,N,655
tr00144,CMT,2016-06-18 04:29:17,3.0,-74.009113,40.725482,-74.05,40.758581,N,1214
tr00145,VTS,2016-01-21 23:07:57,6.0,-73.99544,40.741386,-73.981758,40.785604,N,817
tr00146,VTS,2016-04-12 14:57:03,4.0,-73.942432,40.733516,-73.993842,40.776923,N,1124
tr00147,VTS,2016-05-11 05:30:18,5.0,-74.05,40.752368,-73.903632,40.74263,N,3566
tr00148,VTS,2016-01-11 17:03:01,6.0,-73.973993,40.800639,-73.998006,40.798762,N,443
tr00149,CMT,2016-04-18 19:26:06,6.0,-74.012832,40.764282,-74.03409,40.799208,N,650
tr00150,VTS,2016-05-28 11:51:23,3.0,-73.856152,40.751655,-74.020962,40.765362,N,3370
tr00151,VTS,2016-01-13 06:57:33,6.0,-73.997692,40.716574,-73.896398,40.796506,N,3175
tr00152,VTS,2016-04-03 05:28:38,6.0,-73.868748,40.691013,-73.947959,40.768906,Y,2765
tr00153,VTS,2016-02-17 01:22:39,6.0,-74.05,40.738548,-74.012494,40.735541,N,903
tr00154,VTS,2016-04-30 15:39:14,3.0,-73.944392,40.755849,-74.002051,40.785913,N,978
tr00155,VTS,2016-01-22 14:22:57,2.0,-73.963142,40.828717,-74.05,40.762425,N,1678
tr00156,VTS,2016-06-19 13:02:26,4.0,-74.046333,40.763211,-73.958307,40.758054,N,1513
tr00157,CMT,2016-06-11 20:10:28,6.0,-73.973082,40.79731,-74.05,40.816918,N,1097
tr00158,CMT,2016-02-03 20:20:10,6.0,-73.900624,40.738028,-73.932874,40.659965,N,1239
tr00159,CMT,2016-02-28 20:01:31,4.0,-74.008165,40.710602,-73.976496,40.701293,N,493
tr00160,VTS,2016-04-16 22:47:22,1.0,-74.05,40.719395,-73.818413,40.710517,N,3517
tr00161,CMT,2016-05-10 16:29:46,,-73.986729,40.728991,-74.05,40.74347,N,869
tr00162,CMT,2016-03-21 13:31:17,5.0,-74.04867,40.843139,-73.992686,40.747816,N,1838
tr00163,VTS,2016-01-29 10:40:49,4.0,-74.009464,40.725145,-73.85962,40.697707,N,3335
tr00164,CMT,2016-01-19 22:56:01,3.0,-73.991211,40.79154,-73.902103,40.718594,N,1818
tr00165,VTS,2016-06-30 22:58:29,3.0,-74.05,40.721883,-74.034235,40.723566,N,234
tr00166,VTS,2016-03-23 20:58:41,1.0,-74.05,40.795263,-73.969822,40.856297,N,1405
tr00167,CMT,2016-06-07 19:13:07,2.0,-73.951755,40.773398,-73.98536,40.83007,N,838
tr00168,CMT,2016-03-28 19:01:06,5.0,-74.02209,40.751734,-73.965763,40.74153,N,722
tr00169,VTS,2016-06-16 20:51:29,2.0,-74.05,40.756369,-74.034408,40.743457,N,359
tr00170,VTS,2016-01-16 23:19:58,6.0,-73.930561,40.731808,-73.991752,40.712032,N,1138
tr00171,VTS,2016-01-21 18:02:08,,-73.966434,40.775843,-74.05,40.681675,N,1577
tr00172,VTS,2016-06-18 04:38:00,4.0,-74.035471,40.739801,-73.976041,40.753325,N,1487
tr00173,CMT,2016-06-21 10:38:58,3.0,-74.05,40.708976,-73.953999,40.718086,N,2170
tr00174,VTS,2016-02-27 06:41:08,5.0,-73.926993,40.706882,-74.001419,40.754606,N,2200
tr00175,CMT,2016-03-05 15:21:36,6.0,-73.961045,40.764904,-74.05,40.693992,Y,1632
tr00176,CMT,2016-03-23 08:18:09,4.0,-73.818718,40.821164,-73.916303,40.727521,N,3222
tr00177,VTS,2016-03-16 17:47:39,4.0,-73.956087,40.7644,-73.959983,40.763945,N,79
tr00178,CMT,2016-02-04 14:07:03,5.0,-73.958361,40.753254,-74.036321,40.772648,N,1442
tr00179,VTS,2016-06-12 12:06:13,4.0,-73.997185,40.769433,-74.005142,40.774699,N,251
tr00180,VTS,2016-02-16 02:26:51,2.0,-73.928326,40.81024,-74.05,40.70518,N,3168
tr00181,CMT,2016-05-08 08:37:47,3.0,-73.941744,40.766775,-74.05,40.792187,N,2633
tr00182,VTS,2016-01-13 05:20:09,2.0,-73.897879,40.741563,-74.023147,40.725992,N,3182
tr00183,VTS,2016-01-08 01:15:56,3.0,-74.021993,40.802252,-73.899511,40.783314,N,2604
tr00184,CMT,2016-04-28 23:29:40,4.0,-74.015979,40.77515,-74.030265,40.757574,N,584
tr00185,VTS,2016-03-02 16:49:16,2.0,-74.019037,40.81943,-73.940685,40.702945,N,1839
tr00186,CMT,2016-04-29 07:02:47,2.0,-73.930144,40.765329,-74.023182,40.745352,N,2354
tr00187,VTS,2016-01-18 02:41:04,,-73.880614,40.709021,-73.968144,40.772615,N,2288
tr00188,CMT,2016-06-21 20:57:02,3.0,-74.017619,40.703274,-73.995398,40.782519,N,1154
tr00189,VTS,2016-05-16 05:30:40,2.0,-74.015234,40.824037,-73.924386,40.75236,N,2606
tr00190,VTS,2016-06-08 11:32:06,5.0,-73.963515,40.826947,-74.022937,40.819271,N,1214
tr00191,VTS,2016-01-25 20:06:12,5.0,-74.002703,40.750819,-74.05,40.7983,N,926
tr00192,CMT,2016-02-28 06:27:47,5.0,-73.918856,40.742673,-74.05,40.747734,N,3294
tr00193,VTS,2016-03-08 00:55:38,5.0,-74.05,40.816458,-74.022731,40.788005,N,873
tr00194,CMT,2016-04-07 18:22:12,6.0,-74.043369,40.713718,-74.05,40.835352,N,1634
tr00195,CMT,2016-02-24 00:43:17,4.0,-74.040269,40.722211,-73.956785,40.836419,N,2518
tr00196,VTS,2016-01-12 00:50:06,,-74.05,40.783733,-74.018104,40.70888,N,1479
tr00197,VTS,2016-03-08 03:15:38,6.0,-74.05,40.742216,-73.819278,40.720939,N,5128
tr00198,VTS,2016-02-16 07:52:17,2.0,-74.049561,40.757795,-74.05,40.817397,N,1525
tr00199,CMT,2016-03-11 05:42:15,2.0,-73.999577,40.751462,-73.971246,40.715669,N,1232
tr00200,VTS,2016-02-05 20:19:09,5.0,-73.907592,40.771503,-74.05,40.705098,Y,2230
tr00201,VTS,2016-02-17 15:57:48,6.0,-74.002654,40.814299,-74.020038,40.738552,N,1149
tr00202,VTS,2016-04-24 02:31:40,3.0,-74.05,40.761623,-73.975601,40.774809,N,1381
tr00203,CMT,2016-03-11 15:27:21,5.0,-73.989487,40.783758,-74.05,40.753904,N,924
tr00204,VTS,2016-03-03 20:38:04,6.0,-73.912058,40.675993,-73.968922,40.731977,N,1236
tr00205,VTS,2016-04-07 04:05:59,5.0,-74.05,40.756051,-73.852296,40.731032,N,4604
tr00206,VTS,2016-05-20 11:29:12,1.0,-74.04924,40.724271,-74.017241,40.729507,N,585
tr00207,CMT,2016-03-09 22:53:42,4.0,-73.946402,40.709247,-73.967313,40.72282,N,561
tr00208,CMT,2016-04-16 22:17:06,2.0,-74.001008,40.722874,-73.913755,40.849265,N,2469
tr00209,CMT,2016-06-24 20:22:23,6.0,-73.940176,40.744635,-73.996977,40.7699,N,918
tr00210,VTS,2016-04-05 00:00:32,1.0,-73.986455,40.794636,-74.026167,40.79347,N,711
tr00211,CMT,2016-06-14 13:59:44,6.0,-73.936384,40.704944,-74.05,40.738437,N,2067
tr00212,CMT,2016-05-24 10:45:43,2.0,-74.05,40.759225,-73.940631,40.750562,N,2337
tr00213,VTS,2016-01-11 16:28:59,3.0,-73.986346,40.738633,-73.993422,40.729458,N,293
tr00214,CMT,2016-03-19 02:18:13,2.0,-74.000248,40.744893,-74.05,40.651932,N,2267
tr00215,VTS,2016-05-07 02:15:17,,-74.05,40.79811,-73.976638,40.70288,N,2670
tr00216,VTS,2016-06-28 13:57:27,3.0,-74.05,40.779525,-74.026358,40.685575,N,1750
tr00217,CMT,2016-03-24 10:11:15,5.0,-73.937498,40.811496,-74.02249,40.668009,N,3459
tr00218,CMT,2016-01-17 21:17:12,1.0,-74.010067,40.75182,-73.94306,40.710186,N,1182
tr00219,VTS,2016-04-12 06:51:21,3.0,-74.05,40.730162,-74.05,40.810998,N,1938
tr00220,CMT,2016-01-24 00:49:50,,-73.992233,40.749046,-73.912188,40.756223,N,1365
tr00221,VTS,2016-05-16 18:38:14,6.0,-73.906539,40.7677,-74.05,40.809623,N,1848
tr00222,CMT,2016-04-02 09:31:59,2.0,-74.05,40.765063,-74.031889,40.774439,N,394
tr00223,CMT,2016-05-11 15:56:53,3.0,-74.05,40.714624,-73.850894,40.789302,N,3096
tr00224,CMT,2016-06-07 05:22:20,3.0,-74.05,40.76162,-73.906585,40.721964,N,3543
tr00225,VTS,2016-04-24 11:14:41,4.0,-73.883217,40.767129,-73.978668,40.778958,N,1967
tr00226,CMT,2016-04-21 11:08:05,4.0,-73.965719,40.858699,-74.05,40.787149,N,2398
tr00227,CMT,2016-05-17 07:57:46,1.0,-73.931788,40.833074,-74.022549,40.734934,N,2998
tr00228,CMT,2016-06-02 07:50:36,5.0,-74.05,40.72387,-73.980371,40.780382,N,2208
tr00229,CMT,2016-06-07 04:01:36,2.0,-74.05,40.746505,-73.982873,40.780648,N,1788
tr00230,CMT,2016-01-07 15:07:37,2.0,-73.954153,40.699462,-73.991861,40.736018,N,729
tr00231,VTS,2016-04-11 05:26:21,6.0,-73.981421,40.734372,-73.987658,40.713089,N,672
tr00232,VTS,2016-02-09 08:39:51,5.0,-73.947088,40.770624,-74.000506,40.710635,N,1786
tr00233,CMT,2016-06-05 13:59:27,3.0,-73.998637,40.806234,-74.05,40.76146,N,1290
tr00234,VTS,2016-04-28 00:12:03,6.0,-73.96603,40.728837,-74.021656,40.77108,N,1322
tr00235,VTS,2016-03-17 11:31:54,3.0,-73.974432,40.731834,-73.921476,40.726299,N,1272
tr00236,VTS,2016-02-04 05:38:21,4.0,-73.931056,40.672108,-74.05,40.759063,N,3520
tr00237,VTS,2016-03-02 16:51:18,2.0,-73.929009,40.751493,-73.998769,40.780821,N,1098
tr00238,CMT,2016-05-08 02:06:03,2.0,-74.05,40.715503,-74.042883,40.782728,N,1440
tr00239,VTS,2016-02-07 04:38:32,3.0,-74.05,40.736822,-73.977705,40.820075,N,2572
tr00240,VTS,2016-01-18 00:46:13,4.0,-73.915378,40.722926,-74.012704,40.809079,N,2372
tr00241,VTS,2016-06-10 14:54:34,5.0,-73.902359,40.754229,-73.882082,40.717948,N,729
tr00242,CMT,2016-05-19 02:04:14,3.0,-74.05,40.687691,-73.950039,40.825343,N,3619
tr00243,VTS,2016-02-06 08:42:15,6.0,-74.05,40.699318,-74.05,40.736761,N,921
tr00244,VTS,2016-02-23 04:49:00,,-73.978568,40.84317,-73.938514,40.799795,N,1426
tr00245,VTS,2016-06-25 22:00:09,1.0,-73.920341,40.706503,-74.039726,40.760719,N,1981
tr00246,CMT,2016-05-08 21:20:59,5.0,-73.859668,40.714129,-74.02589,40.741514,N,2612
tr00247,CMT,2016-04-21 02:45:36,4.0,-73.949359,40.831477,-73.963533,40.685692,N,3115
tr00248,VTS,2016-02-25 23:43:16,3.0,-74.01152,40.874203,-74.019922,40.751137,N,2217
tr00249,CMT,2016-02-24 10:34:43,3.0,-74.048019,40.711137,-73.923,40.695625,N,2658
tr00250,CMT,2016-01-08 04:38:20,2.0,-73.984698,40.74327,-74.039716,40.796692,N,1815
tr00251,VTS,2016-05-12 14:00:31,4.0,-74.006449,40.771662,-74.028826,40.818672,N,774
tr00252,VTS,2016-01-08 20:35:21,4.0,-74.05,40.827148,-74.031446,40.726124,N,1401
tr00253,CMT,2016-01-01 21:13:00,3.0,-73.842087,40.718526,-74.025095,40.770079,N,2756
tr00254,CMT,2016-05-12 18:26:04,,-73.860538,40.748189,-73.908557,40.728984,N,768
tr00255,CMT,2016-06-21 16:40:50,3.0,-73.905977,40.789094,-73.941484,40.732861,N,943
tr00256,CMT,2016-05-17 16:24:19,3.0,-74.04996,40.775391,-73.865804,40.78898,N,2586
tr00257,CMT,2016-03-26 20:07:27,3.0,-73.925649,40.742954,-73.826765,40.756458,N,1412
tr00258,VTS,2016-03-29 11:02:44,2.0,-73.940726,40.752647,-74.05,40.827586,N,2753
tr00259,VTS,2016-03-20 09:02:38,4.0,-73.954522,40.703004,-73.980571,40.738711,N,1055
tr00260,CMT,2016-02-29 02:02:36,2.0,-73.898023,40.748473,-74.05,40.797973,N,3574
tr00261,CMT,2016-04-04 22:50:51,4.0,-73.941024,40.747345,-74.039932,40.761897,N,1564
tr00262,VTS,2016-03-19 11:16:02,1.0,-73.933699,40.767287,-74.029606,40.789831,N,1866
tr00263,CMT,2016-04-18 20:47:50,3.0,-73.940917,40.735787,-74.05,40.740114,N,1427
tr00264,CMT,2016-06-12 10:59:18,5.0,-73.961645,40.776862,-74.05,40.756018,N,2208
tr00265,CMT,2016-06-30 02:12:04,5.0,-74.05,40.798509,-73.9956,40.75338,N,1653
tr00266,VTS,2016-01-15 07:57:02,5.0,-73.979647,40.764217,-74.05,40.724558,N,1969
tr00267,CMT,2016-03-11 00:17:50,5.0,-74.024433,40.77207,-73.926551,40.784483,N,1975
tr00268,CMT,2016-02-02 21:19:28,1.0,-74.05,40.760126,-74.049743,40.78401,N,397
tr00269,VTS,2016-03-05 02:03:44,3.0,-73.867773,40.758003,-73.78883,40.781742,N,1956
tr00270,CMT,2016-02-22 07:40:55,4.0,-73.86447,40.729138,-74.017097,40.819479,N,4061
tr00271,CMT,2016-02-01 18:22:41,5.0,-73.890355,40.77066,-73.980459,40.815974,N,1325
tr00272,CMT,2016-05-19 01:29:03,4.0,-73.967635,40.754109,-74.05,40.743002,N,1658
tr00273,VTS,2016-03-31 07:47:21,6.0,-73.890956,40.841727,-73.866074,40.772922,N,1649
tr00274,VTS,2016-06-16 07:15:52,2.0,-73.984656,40.820934,-73.907135,40.733056,N,2881
tr00275,VTS,2016-01-06 22:21:49,1.0,-73.971304,40.773434,-73.964716,40.758934,N,242
tr00276,CMT,2016-01-13 04:33:35,,-74.05,40.727478,-74.05,40.73401,N,247
tr00277,CMT,2016-03-14 09:29:56,,-73.957711,40.713504,-73.970753,40.822803,N,2727
tr00278,VTS,2016-01-15 14:39:04,4.0,-73.981273,40.805646,-74.05,40.772548,N,1211
tr00279,VTS,2016-02-17 19:36:10,2.0,-74.05,40.76851,-73.883135,40.749279,N,2151
tr00280,CMT,2016-06-28 10:58:40,5.0,-73.989084,40.777206,-73.928856,40.805745,N,1505
tr00281,VTS,2016-02-08 00:44:08,5.0,-73.991081,40.688217,-73.978819,40.671175,N,556
tr00282,VTS,2016-02-06 01:22:41,3.0,-73.859671,40.795098,-74.05,40.677436,N,4356
tr00283,VTS,2016-04-14 09:39:44,2.0,-73.922905,40.776177,-74.05,40.789834,N,2776
tr00284,VTS,2016-03-31 15:15:23,5.0,-73.984699,40.713583,-73.937357,40.760419,N,1089
tr00285,CMT,2016-04-15 15:21:16,5.0,-73.968085,40.739139,-73.900598,40.768018,N,1143
tr00286,CMT,2016-03-09 13:34:46,2.0,-73.982405,40.768549,-73.907858,40.704944,N,1512
tr00287,CMT,2016-05-30 11:17:52,2.0,-73.999704,40.760099,-74.05,40.757071,N,914
tr00288,CMT,2016-01-26 05:19:11,3.0,-74.05,40.746313,-73.964391,40.83814,N,3146
tr00289,VTS,2016-03-18 23:13:08,4.0,-73.996074,40.75386,-73.914414,40.790968,N,1592
tr00290,VTS,2016-05-05 12:52:47,1.0,-74.037727,40.747921,-74.05,40.764788,N,334
tr00291,VTS,2016-06-07 00:27:24,6.0,-74.05,40.764103,-73.986053,40.740438,N,1333
tr00292,CMT,2016-03-08 06:17:19,3.0,-73.949714,40.81686,-73.966331,40.742217,N,1868
tr00293,VTS,2016-04-13 07:54:45,3.0,-73.958111,40.655334,-74.006554,40.672832,N,1349
tr00294,CMT,2016-01-13 14:00:11,1.0,-74.05,40.748526,-74.05,40.768306,N,227
tr00295,VTS,2016-01-31 23:57:13,6.0,-73.994088,40.76506,-74.008299,40.791819,N,551
tr00296,CMT,2016-01-13 13:59:43,2.0,-73.915801,40.76984,-74.008411,40.694975,N,2034
tr00297,CMT,2016-05-12 11:23:01,6.0,-73.911354,40.743123,-73.995865,40.731543,N,1775
tr00298,CMT,2016-02-22 10:14:45,3.0,-73.913691,40.687731,-74.024943,40.711701,N,2477
tr00299,VTS,2016-05-11 17:19:09,6.0,-73.982776,40.77112,-74.016511,40.719386,N,804
tr00300,CMT,2016-01-13 02:01:39,2.0,-74.044653,40.827094,-73.988279,40.760139,N,1890
tr00301,CMT,2016-06-05 23:36:31,1.0,-74.05,40.696646,-73.954528,40.674624,N,1725
tr00302,CMT,2016-06-01 01:35:45,5.0,-73.961378,40.792553,-74.00681,40.782571,N,1052
tr00303,VTS,2016-01-17 04:26:26,5.0,-73.95895,40.744859,-74.014175,40.788154,N,1731
tr00304,CMT,2016-01-05 07:46:06,4.0,-73.895387,40.755547,-73.979035,40.747956,N,2043
tr00305,CMT,2016-01-11 05:52:10,1.0,-73.908501,40.715884,-74.05,40.658772,N,3482
tr00306,CMT,2016-06-04 08:39:23,6.0,-73.994756,40.744622,-73.952108,40.718143,N,1282
tr00307,CMT,2016-02-12 17:11:05,3.0,-74.05,40.810002,-73.985539,40.807316,N,938
tr00308,VTS,2016-04-09 18:51:28,6.0,-74.007837,40.781306,-73.982721,40.64688,N,1800
tr00309,VTS,2016-03-18 13:50:04,6.0,-73.970294,40.827292,-73.918249,40.744099,N,1674
tr00310,CMT,2016-05-24 18:51:19,6.0,-73.999646,40.805096,-74.05,40.7108,N,1403
tr00311,VTS,2016-03-29 23:30:28,5.0,-74.025953,40.775563,-74.05,40.790183,N,574
tr00312,CMT,2016-04-01 02:53:11,5.0,-73.967798,40.827757,-73.966334,40.730995,N,2083
tr00313,VTS,2016-06-29 00:21:12,4.0,-74.020777,40.77556,-73.985998,40.774158,N,745
tr00314,CMT,2016-01-28 07:45:57,1.0,-74.029465,40.79112,-73.973588,40.780618,Y,1399
tr00315,CMT,2016-05-31 04:30:53,3.0,-73.963698,40.746137,-74.017849,40.831449,N,2456
tr00316,CMT,2016-01-10 10:02:34,5.0,-74.013639,40.760662,-73.938995,40.749882,N,1807
tr00317,CMT,2016-03-27 22:22:11,5.0,-73.968413,40.730103,-73.920215,40.773042,N,1140
tr00318,VTS,2016-06-10 07:30:37,4.0,-73.966376,40.797583,-73.951621,40.698598,N,2330
tr00319,VTS,2016-05-01 01:39:16,,-74.05,40.710868,-74.003758,40.805617,N,2074
tr00320,VTS,2016-05-04 17:01:02,1.0,-74.019187,40.789294,-74.05,40.72758,N,891
tr00321,CMT,2016-02-17 22:10:11,3.0,-73.884856,40.750374,-73.931653,40.73557,N,771
tr00322,VTS,2016-03-17 04:20:04,4.0,-74.05,40.80485,-73.899979,40.75711,N,3556
tr00323,CMT,2016-03-07 17:13:33,6.0,-74.05,40.788035,-73.940381,40.695485,N,1894
tr00324,VTS,2016-04-04 21:39:50,2.0,-74.05,40.830826,-74.047075,40.767151,Y,905
tr00325,VTS,2016-03-25 03:00:41,2.0,-73.983462,40.787231,-73.938334,40.796699,N,989
tr00326,CMT,2016-02-29 11:53:31,3.0,-73.983336,40.695118,-73.925263,40.769717,Y,1871
tr00327,CMT,2016-02-25 14:20:21,2.0,-73.993733,40.755322,-73.876383,40.694444,N,2136
tr00328,CMT,2016-02-15 15:43:31,4.0,-73.900507,40.71112,-74.046828,40.753048,N,2234
tr00329,VTS,2016-03-07 10:31:34,4.0,-74.05,40.737269,-74.001352,40.787681,N,1769
tr00330,VTS,2016-01-28 06:56:39,5.0,-73.957785,40.818449,-73.933191,40.68288,N,3371
tr00331,CMT,2016-06-07 17:21:05,6.0,-73.876199,40.783501,-73.981481,40.715009,N,1674
tr00332,VTS,2016-04-19 14:03:27,1.0,-74.05,40.730043,-74.05,40.793062,N,981
tr00333,VTS,2016-01-25 08:22:44,2.0,-74.012086,40.717451,-73.956477,40.768804,N,1792
tr00334,CMT,2016-05-06 06:46:39,2.0,-74.038202,40.759311,-73.944994,40.774479,N,2307
tr00335,VTS,2016-06-03 06:36:25,2.0,-74.048104,40.709338,-73.979343,40.83238,N,3566
tr00336,CMT,2016-02-13 05:33:20,5.0,-74.008338,40.731154,-73.970129,40.776742,N,1422
tr00337,VTS,2016-01-28 09:49:24,1.0,-73.885576,40.77048,-74.003609,40.784316,N,2700
tr00338,CMT,2016-01-02 13:38:24,1.0,-73.856883,40.804212,-73.88202,40.86643,N,1147
tr00339,VTS,2016-01-09 14:23:22,6.0,-74.009016,40.78235,-74.048548,40.749448,N,782
tr00340,CMT,2016-05-18 17:30:50,6.0,-73.852146,40.666348,-74.026612,40.726085,N,2486
tr00341,CMT,2016-06-28 16:01:47,2.0,-73.98301,40.770175,-73.984731,40.775112,N,174
tr00342,CMT,2016-01-09 04:02:14,,-73.862742,40.760881,-73.923973,40.77556,N,1391
tr00343,VTS,2016-05-16 03:34:26,4.0,-73.992031,40.774556,-74.05,40.736931,N,1603
tr00344,CMT,2016-01-14 01:53:38,4.0,-73.976326,40.822648,-74.05,40.716704,N,2440
tr00345,VTS,2016-04-17 18:26:10,6.0,-73.959917,40.67547,-74.05,40.850394,N,2492
tr00346,VTS,2016-05-17 14:32:12,3.0,-73.76298,40.734356,-73.983211,40.771074,N,3538
tr00347,VTS,2016-03-06 09:00:17,1.0,-73.92591,40.781636,-74.05,40.728709,N,2922
tr00348,VTS,2016-01-02 23:45:46,3.0,-74.035009,40.694736,-74.012419,40.794637,N,1673
tr00349,VTS,2016-04-18 07:47:13,4.0,-73.91767,40.817038,-73.939204,40.753634,N,1681
tr00350,CMT,2016-06-29 09:45:23,4.0,-74.010828,40.772734,-74.030408,40.747885,N,736
tr00351,VTS,2016-02-16 21:16:22,4.0,-74.019783,40.791863,-73.96931,40.780491,N,767
tr00352,CMT,2016-02-04 11:41:52,6.0,-73.921898,40.735162,-74.006454,40.706325,N,1926
tr00353,VTS,2016-01-23 13:18:29,5.0,-73.983324,40.790551,-73.938452,40.772105,N,811
tr00354,CMT,2016-04-11 01:21:23,2.0,-73.966,40.800739,-73.952241,40.834518,N,672
tr00355,VTS,2016-04-18 13:16:19,3.0,-73.984521,40.767315,-74.033935,40.776647,N,901
tr00356,VTS,2016-05-24 04:38:20,5.0,-73.961939,40.767376,-73.997306,40.742952,N,1198
tr00357,CMT,2016-05-17 01:25:26,,-73.955752,40.768814,-73.912438,40.737716,N,1205
tr00358,VTS,2016-06-11 10:37:16,,-74.05,40.723466,-73.957964,40.741586,N,1949
tr00359,CMT,2016-05-26 15:36:54,2.0,-73.93884,40.752099,-74.05,40.747841,N,1668
tr00360,CMT,2016-02-15 00:03:45,2.0,-74.05,40.751899,-73.939607,40.742888,N,1970
tr00361,VTS,2016-04-11 04:04:21,5.0,-74.05,40.773336,-74.05,40.794652,N,793
tr00362,VTS,2016-02-24 03:05:43,6.0,-73.989589,40.797993,-73.886624,40.688672,N,3312
tr00363,CMT,2016-03-01 00:30:09,5.0,-73.979621,40.715659,-73.913813,40.79248,N,2027
tr00364,VTS,2016-06-18 14:43:58,2.0,-74.034045,40.753,-73.965208,40.742813,N,1054
tr00365,VTS,2016-05-04 02:31:16,1.0,-73.927328,40.817258,-73.974494,40.773078,N,1545
tr00366,VTS,2016-06-26 09:00:39,1.0,-74.05,40.728256,-74.000132,40.71292,N,1219
tr00367,VTS,2016-03-16 21:04:26,3.0,-74.013986,40.72511,-73.938003,40.811145,N,1611
tr00368,CMT,2016-04-07 19:31:38,4.0,-74.026441,40.766092,-74.011454,40.807825,N,594
tr00369,CMT,2016-03-29 15:43:12,,-73.988761,40.791775,-73.96901,40.796384,N,431
tr00370,VTS,2016-01-20 12:37:47,6.0,-73.96598,40.758457,-73.924465,40.69741,N,1533
tr00371,VTS,2016-02-13 01:54:51,1.0,-74.05,40.811158,-74.024826,40.791165,N,639
tr00372,CMT,2016-04-06 00:42:56,5.0,-73.9348,40.792272,-74.028633,40.774194,N,1823
tr00373,VTS,2016-01-13 06:17:27,2.0,-73.98109,40.791673,-74.05,40.693789,N,2932
tr00374,VTS,2016-06-18 12:37:32,2.0,-74.05,40.780165,-74.05,40.757028,N,467
tr00375,VTS,2016-01-23 12:56:57,4.0,-74.05,40.851106,-74.05,40.772581,N,1389
tr00376,CMT,2016-02-06 00:46:47,1.0,-73.986362,40.749794,-73.934412,40.780243,N,1038
tr00377,CMT,2016-05-19 06:55:23,3.0,-74.000968,40.677859,-73.858876,40.76509,N,4003
tr00378,CMT,2016-01-18 15:24:36,4.0,-73.992739,40.82217,-73.885727,40.769649,N,1830
tr00379,VTS,2016-06-12 20:24:53,2.0,-73.987459,40.739692,-74.05,40.816944,N,1449
tr00380,VTS,2016-05-12 01:51:42,,-73.969711,40.762315,-73.93476,40.807041,N,1254
tr00381,CMT,2016-01-13 11:44:09,3.0,-73.919165,40.810382,-73.885953,40.643318,N,3393
tr00382,VTS,2016-05-05 21:59:16,5.0,-74.05,40.69391,-74.017477,40.745302,N,988
tr00383,VTS,2016-04-24 22:57:12,2.0,-74.05,40.707934,-73.978399,40.751414,N,1270
tr00384,CMT,2016-05-17 20:06:08,1.0,-74.05,40.693949,-74.05,40.687916,N,86
tr00385,CMT,2016-05-30 17:34:05,4.0,-73.965276,40.726235,-73.966828,40.761767,N,464
tr00386,VTS,2016-05-10 17:45:18,2.0,-73.898354,40.775585,-74.05,40.80795,N,1939
tr00387,VTS,2016-04-16 16:25:05,5.0,-74.015694,40.778968,-73.971526,40.714537,N,1134
tr00388,VTS,2016-02-28 16:31:11,1.0,-74.05,40.769051,-74.05,40.771456,N,60
tr00389,VTS,2016-05-06 21:41:28,,-74.05,40.701489,-73.9475,40.721367,N,1587
tr00390,CMT,2016-06-23 04:03:06,6.0,-74.043813,40.665596,-73.913784,40.731124,N,3508
tr00391,VTS,2016-04-16 22:17:42,1.0,-74.024541,40.760174,-74.040323,40.817096,N,937
tr00392,VTS,2016-04-30 21:51:30,2.0,-74.014087,40.739129,-74.05,40.736298,N,577
tr00393,CMT,2016-03-20 13:22:31,6.0,-73.982799,40.776375,-74.05,40.776488,N,1223
tr00394,CMT,2016-05-17 14:44:08,4.0,-74.007322,40.786078,-74.004149,40.683151,N,1671
tr00395,VTS,2016-06-30 13:48:40,2.0,-73.912046,40.76353,-74.026212,40.832493,N,2197
tr00396,VTS,2016-01-30 04:34:50,2.0,-74.032821,40.788405,-74.05,40.782106,Y,502
tr00397,VTS,2016-02-06 20:06:22,5.0,-74.045862,40.767168,-73.953789,40.7507,N,1359
tr00398,CMT,2016-04-08 04:15:50,,-73.951979,40.779203,-74.016998,40.781022,N,1558
tr00399,CMT,2016-03-28 14:38:51,3.0,-74.05,40.729813,-74.05,40.701607,N,486
tr00400,VTS,2016-04-14 00:37:00,3.0,-73.958222,40.750816,-74.02432,40.805301,N,1551
tr00401,VTS,2016-01-09 22:21:19,5.0,-73.978321,40.765871,-73.910509,40.745041,N,1134
tr00402,VTS,2016-03-14 13:52:46,2.0,-73.995821,40.790821,-73.943294,40.749837,N,1059
tr00403,VTS,2016-04-16 02:26:56,2.0,-73.874321,40.74225,-73.994602,40.738334,N,2653
tr00404,CMT,2016-04-16 12:06:56,5.0,-74.029055,40.778847,-73.942163,40.734774,N,1938
tr00405,VTS,2016-04-29 15:14:05,2.0,-73.841279,40.747366,-74.05,40.785787,N,3075
tr00406,CMT,2016-05-11 01:54:13,5.0,-74.00128,40.753298,-73.983234,40.768236,N,732
tr00407,VTS,2016-04-26 18:16:41,3.0,-74.05,40.791181,-73.975187,40.78407,N,978
tr00408,CMT,2016-05-23 19:46:55,6.0,-73.980606,40.678278,-74.018389,40.757648,N,1381
tr00409,VTS,2016-04-23 16:57:16,1.0,-74.05,40.706141,-73.955018,40.778528,N,1592
tr00410,VTS,2016-04-07 19:50:00,6.0,-74.038123,40.698713,-74.04013,40.741246,N,644
tr00411,VTS,2016-04-20 07:51:57,2.0,-73.957708,40.664655,-73.949813,40.847189,N,4252
tr00412,VTS,2016-01-19 10:00:45,1.0,-73.946609,40.730869,-73.94687,40.695283,N,793
tr00413,VTS,2016-02-19 17:08:51,,-74.029052,40.787977,-74.05,40.808437,N,492
tr00414,VTS,2016-04-05 23:40:56,4.0,-73.916382,40.746605,-73.902179,40.812716,N,1188
tr00415,CMT,2016-06-07 21:12:29,6.0,-73.904474,40.765912,-74.05,40.723914,N,2354
tr00416,CMT,2016-05-03 14:05:49,1.0,-73.884959,40.801569,-74.028623,40.847171,N,2339
tr00417,VTS,2016-01-17 10:54:08,1.0,-73.948441,40.811107,-73.913726,40.79782,N,817
tr00418,VTS,2016-04-17 19:03:25,4.0,-73.89006,40.755234,-74.00771,40.796846,N,1600
tr00419,VTS,2016-02-10 08:33:05,6.0,-74.05,40.812143,-74.05,40.759121,N,1395
tr00420,VTS,2016-05-13 14:11:03,3.0,-74.007753,40.761685,-74.05,40.749311,N,715
tr00421,VTS,2016-05-30 14:15:41,5.0,-74.04619,40.724504,-73.913617,40.749624,N,2108
tr00422,VTS,2016-04-18 00:13:01,6.0,-73.977154,40.734224,-74.05,40.773621,N,1548
tr00423,VTS,2016-04-17 15:04:18,6.0,-74.025501,40.698779,-73.906471,40.814047,N,2612
tr00424,VTS,2016-03-02 14:58:02,4.0,-73.997131,40.722475,-73.989357,40.765253,N,715
tr00425,CMT,2016-03-22 05:13:12,5.0,-73.853748,40.743679,-74.05,40.721542,N,4563
tr00426,VTS,2016-06-06 06:25:31,4.0,-73.99738,40.790143,-74.026318,40.790977,N,708
tr00427,CMT,2016-05-11 15:27:47,5.0,-73.956535,40.826831,-74.05,40.794846,N,1476
tr00428,VTS,2016-04-04 14:17:02,4.0,-74.001759,40.702713,-73.924864,40.784186,Y,1819
tr00429,VTS,2016-03-08 00:26:20,4.0,-73.9802,40.773713,-73.93423,40.78782,Y,989
tr00430,VTS,2016-01-10 04:03:31,3.0,-73.985079,40.716378,-74.05,40.747163,Y,1773
tr00431,CMT,2016-01-27 00:39:22,4.0,-73.954117,40.776988,-74.013751,40.72084,N,1502
tr00432,VTS,2016-02-05 03:08:02,5.0,-73.903928,40.752757,-74.045923,40.723272,N,3318
tr00433,CMT,2016-03-08 22:56:21,6.0,-73.870182,40.684764,-73.894954,40.692581,N,439
tr00434,VTS,2016-06-20 20:01:10,4.0,-73.963827,40.795132,-74.05,40.767478,N,1228
tr00435,CMT,2016-04-01 22:30:36,1.0,-73.944232,40.7338,-73.873204,40.754662,N,1087
tr00436,CMT,2016-02-12 17:46:54,4.0,-74.05,40.736644,-73.987831,40.7404,N,785
tr00437,VTS,2016-01-20 05:54:59,2.0,-73.991651,40.71521,-74.05,40.639775,N,2375
tr00438,VTS,2016-03-02 13:43:06,1.0,-73.91968,40.731829,-74.032909,40.708107,N,1989
tr00439,CMT,2016-05-28 11:06:41,1.0,-73.924882,40.775116,-74.041613,40.802834,N,2433
tr00440,CMT,2016-03-10 18:26:28,,-73.970687,40.75043,-74.05,40.731415,N,1085
tr00441,CMT,2016-05-20 14:18:19,6.0,-73.923452,40.771146,-73.978862,40.772424,N,1002
tr00442,VTS,2016-05-26 02:12:55,4.0,-73.951146,40.772477,-74.05,40.702373,N,2438
tr00443,CMT,2016-01-21 04:03:54,3.0,-73.901479,40.810826,-74.05,40.815548,N,3532
tr00444,CMT,2016-04-20 18:37:32,1.0,-73.965245,40.744289,-74.012077,40.752239,N,622
tr00445,CMT,2016-06-23 13:19:53,5.0,-74.010399,40.698926,-74.05,40.769602,N,1483
tr00446,CMT,2016-03-14 04:32:20,1.0,-73.961991,40.800689,-74.038151,40.851031,N,2133
tr00447,CMT,2016-01-10 06:31:25,6.0,-74.05,40.74474,-74.049137,40.818658,N,1783
tr00448,VTS,2016-06-17 00:59:10,5.0,-73.958698,40.802584,-74.046485,40.745737,N,1862
tr00449,VTS,2016-06-09 19:51:15,6.0,-74.05,40.773335,-73.845433,40.734271,N,2707
tr00450,CMT,2016-04-05 00:42:49,2.0,-74.05,40.752754,-73.981551,40.744978,N,1325
tr00451,VTS,2016-04-10 12:14:29,1.0,-73.953876,40.771951,-73.968324,40.778396,N,359
tr00452,VTS,2016-02-08 12:53:06,2.0,-73.952073,40.836041,-74.05,40.753791,N,2232
tr00453,CMT,2016-05-29 03:21:39,5.0,-74.05,40.841079,-74.031277,40.74219,N,2222
tr00454,VTS,2016-03-31 17:53:05,2.0,-74.035347,40.760775,-73.970429,40.816687,N,1082
tr00455,VTS,2016-01-07 03:58:41,6.0,-73.889562,40.764408,-74.05,40.753432,N,3619
tr00456,VTS,2016-05-04 07:24:33,1.0,-74.019382,40.80105,-73.921936,40.849984,N,2416
tr00457,CMT,2016-06-21 23:46:03,1.0,-73.828496,40.724174,-74.05,40.76163,N,3643
tr00458,CMT,2016-05-30 21:43:45,2.0,-73.985634,40.771323,-74.005546,40.829413,N,850
tr00459,CMT,2016-02-20 10:48:05,5.0,-73.956937,40.756965,-74.026524,40.772293,N,1597
tr00460,CMT,2016-01-10 16:55:26,4.0,-73.872319,40.770556,-73.973998,40.796518,N,1387
tr00461,VTS,2016-06-20 03:27:17,3.0,-73.976328,40.724665,-74.030334,40.729016,N,1243
tr00462,VTS,2016-06-19 13:05:23,4.0,-74.05,40.694417,-74.004463,40.72385,N,1052
tr00463,VTS,2016-04-06 21:35:24,4.0,-73.993181,40.675081,-74.002029,40.776388,N,1423
tr00464,VTS,2016-04-26 21:38:32,4.0,-73.987993,40.713305,-74.036907,40.797542,N,1431
tr00465,VTS,2016-03-25 04:38:13,4.0,-74.05,40.739653,-73.951543,40.75961,N,2482
tr00466,CMT,2016-03-17 09:32:06,1.0,-74.003408,40.746272,-73.968813,40.706544,N,1133
tr00467,CMT,2016-01-22 17:45:02,2.0,-74.037453,40.835489,-73.991703,40.70359,N,1780
tr00468,CMT,2016-01-18 14:36:59,4.0,-73.920795,40.80224,-74.015632,40.700915,N,2270
tr00469,CMT,2016-02-12 08:34:26,1.0,-73.983077,40.719516,-73.929742,40.687295,N,1407
tr00470,VTS,2016-06-01 06:26:48,3.0,-74.005296,40.771908,-74.002008,40.762379,N,428
tr00471,CMT,2016-01-27 12:59:43,1.0,-73.992933,40.741717,-74.006969,40.803002,N,1186
tr00472,CMT,2016-02-11 06:13:10,5.0,-73.969881,40.746625,-73.978172,40.757463,N,413
tr00473,CMT,2016-04-09 20:20:46,1.0,-73.942323,40.765413,-73.866739,40.667583,N,1690
tr00474,VTS,2016-02-09 03:41:35,1.0,-74.05,40.782767,-74.05,40.75037,N,762
tr00475,VTS,2016-01-30 16:53:12,4.0,-74.05,40.74443,-73.93161,40.751488,N,1699
tr00476,CMT,2016-04-12 12:33:55,2.0,-73.908172,40.800554,-74.05,40.84184,N,2654
tr00477,CMT,2016-03-07 23:49:53,3.0,-74.014364,40.712322,-73.970291,40.699714,N,819
tr00478,CMT,2016-04-23 23:03:49,2.0,-74.05,40.758254,-73.875244,40.742373,N,2945
tr00479,VTS,2016-06-15 00:30:46,2.0,-73.954433,40.861907,-73.951293,40.826234,N,740
tr00480,CMT,2016-01-28 11:32:16,,-73.953064,40.766923,-73.973556,40.775999,N,454
tr00481,VTS,2016-06-15 05:52:41,,-74.05,40.815329,-74.024731,40.780533,N,1232
tr00482,VTS,2016-06-13 06:04:34,2.0,-73.969436,40.761661,-73.983327,40.762583,N,426
tr00483,VTS,2016-05-30 21:27:16,5.0,-73.934009,40.781231,-74.003144,40.771198,N,986
tr00484,CMT,2016-04-24 21:27:24,5.0,-73.959293,40.755729,-74.040518,40.789104,N,1400
tr00485,CMT,2016-04-22 20:48:02,4.0,-73.941261,40.751184,-74.005791,40.725621,N,1116
tr00486,CMT,2016-04-26 08:04:51,4.0,-74.05,40.726821,-73.971613,40.793122,N,2529
tr00487,VTS,2016-05-05 16:05:04,6.0,-73.962327,40.775212,-74.039205,40.70308,N,1577
tr00488,CMT,2016-01-03 23:59:39,3.0,-74.006683,40.723939,-74.04194,40.771135,N,1039
tr00489,CMT,2016-06-23 08:56:54,3.0,-74.019295,40.784623,-74.05,40.76515,N,732
tr00490,CMT,2016-04-16 13:55:02,4.0,-73.924561,40.801411,-73.958149,40.733348,N,1197
tr00491,VTS,2016-05-22 05:26:34,6.0,-73.881951,40.772661,-73.947327,40.757093,N,1741
tr00492,VTS,2016-03-09 15:58:01,,-73.859894,40.74655,-73.969284,40.733098,N,1604
tr00493,CMT,2016-01-03 06:09:03,1.0,-73.893463,40.776159,-73.917938,40.715132,N,1469
tr00494,VTS,2016-04-02 18:31:15,3.0,-73.993181,40.745653,-73.979349,40.743855,N,214
tr00495,VTS,2016-04-02 07:24:23,5.0,-73.96081,40.795422,-73.958059,40.71384,N,2087
tr00496,VTS,2016-03-20 12:46:09,2.0,-73.931822,40.684744,-73.964231,40.770912,N,1580
tr00497,VTS,2016-03-02 19:53:02,6.0,-73.977018,40.744576,-73.991908,40.711997,N,517
tr00498,CMT,2016-02-15 11:14:25,,-73.976347,40.678368,-74.022658,40.786479,N,2519
tr00499,VTS,2016-04-06 00:18:57,6.0,-73.927837,40.698198,-73.830509,40.710741,N,1800
